Player Name,Likes,Inj,Pos,Salary,Team,Opp,Rest,PS,USG,PER,Opp Pace,Opp DEff,Opp DvP,L2 FGA,L5 FGA,S FGA,L2 Min,L5 Min,S Min,L5 FP,S FP,Floor FP,Ceil FP,Proj Min,Proj FP,Proj Val,Actual Min,Actual FP,Actual Val
James Harden,6,,PG/SG,11300,HOU,MIN,1,132,37,28,106,110,4%,21,21,23,39,37,37,49.2,60.1,45.8,74.5,36.5,64.1,5.7,35.8,59.5,5.3
Luka Doncic,7,,PG,11100,DAL,@SAS,1,118,39,28,102,111,3%,23,21,21,33,37,34,52.4,57.9,44.1,71.8,36.0,59.1,5.3,36.3,63.3,5.7
LeBron James,9,P,PG/SF,10900,LAL,BKN,1,119,34,26,104,106,-10%,19,19,20,36,35,35,60.0,55.7,45.4,65.9,34.5,55.9,5.1,34.9,61.5,5.6
Karl-Anthony Towns,,O,C,10400,MIN,@HOU,1,119,29,27,106,108,0%,13,16,18,36,37,34,51.5,52.7,41.6,63.7,0.0,0.0,0.0,0,0.0,0.0
Bradley Beal,7,,SG,10200,WAS,NYK,1,118,34,23,101,111,-3%,23,24,23,37,37,36,51.0,49.0,37.7,60.3,37.5,52.0,5.1,38.5,61.8,6.1
Russell Westbrook,10,,PG,10100,HOU,MIN,1,132,35,22,106,110,4%,23,23,23,31,35,36,52.0,52.2,41.0,63.3,36.5,60.5,6.0,37,50.0,5.0
Anthony Davis,12,P,PF/C,9800,LAL,BKN,1,119,29,28,104,106,-3%,22,17,18,32,30,35,47.6,51.8,39.7,63.9,35.0,54.3,5.5,36.5,42.5,4.3
Kristaps Porzingis,11,,C,9300,DAL,@SAS,1,118,26,20,102,111,0%,18,22,16,34,38,32,55.6,40.8,26.4,55.2,36.0,50.0,5.4,37.9,32.0,3.4
Kawhi Leonard,5,,SF,9200,LAC,@GSW,1,118,34,27,103,111,2%,17,17,20,33,32,33,39.4,48.7,38.7,58.8,33.5,48.6,5.3,25.3,40.5,4.4
Damian Lillard,9,,PG,9100,POR,PHO,2,120,31,26,104,109,2%,16,17,20,36,36,37,41.1,50.3,36.0,64.6,36.0,49.8,5.5,40.4,53.3,5.9
Nikola Vucevic,10,,C,9100,ORL,@MEM,1,109,26,22,105,108,5%,17,18,17,34,35,33,46.2,43.7,34.6,52.8,34.0,47.0,5.2,35.3,44.8,4.9
Hassan Whiteside,5,,C,9000,POR,PHO,2,120,19,25,104,109,1%,13,13,11,35,33,31,47.8,43.4,32.0,54.9,34.0,48.9,5.4,36.8,42.0,4.7
Domantas Sabonis,3,,PF/C,8900,IND,BOS,1,106,24,21,102,104,-7%,14,13,14,39,38,35,45.8,44.4,35.4,53.4,36.0,46.7,5.2,41.5,51.8,5.8
Jayson Tatum,4,,SF/PF,8900,BOS,@IND,1,109,28,20,101,105,-12%,21,22,19,36,39,35,49.5,42.1,31.0,53.1,37.0,44.5,5.0,35.9,50.0,5.6
Devin Booker,8,,PG/SG,8800,PHO,@POR,1,115,30,20,103,111,0%,19,17,18,39,39,36,44.5,42.5,30.6,54.5,38.5,46.7,5.3,35.8,49.0,5.6
Andre Drummond,15,,C,8700,CLE,@CHI,1,107,28,22,102,108,8%,19,13,14,34,28,33,38.8,48.0,35.6,60.4,32.5,47.1,5.4,34.5,35.8,4.1
D'Angelo Russell,5,,PG,8500,MIN,@HOU,1,119,33,19,106,108,-1%,16,18,19,33,34,33,38.5,41.5,29.8,53.3,32.0,44.0,5.2,33.9,50.5,5.9
Zach LaVine,,O,SG,8400,CHI,CLE,1,111,32,20,101,114,6%,30,24,20,38,37,35,45.0,41.5,29.6,53.3,0.0,0.0,0.0,0,0.0,0.0
Deandre Ayton,4,O,PF/C,8300,PHO,@POR,1,115,23,21,103,111,5%,15,17,16,36,36,34,45.1,42.8,32.6,53.1,0.0,0.0,0.0,0,0.0,0.0
Jonas Valanciunas,2,,C,8200,MEM,ORL,2,110,21,22,101,107,-5%,11,10,11,30,29,26,42.3,35.0,22.8,47.1,30.0,40.1,4.9,36,50.0,6.1
Kevin Love,5,,PF,8100,CLE,@CHI,1,107,23,18,102,108,7%,15,14,13,39,37,32,45.3,37.8,26.4,49.2,34.5,39.0,4.8,37.3,39.0,4.8
CJ McCollum,2,,PG/SG,7900,POR,PHO,2,120,27,17,104,109,0%,18,21,20,36,36,37,46.5,38.2,26.5,49.8,36.5,40.0,5.1,36.1,40.5,5.1
Aaron Gordon,5,,PF,7900,ORL,@MEM,1,109,21,15,105,108,-2%,16,12,13,36,37,34,40.5,33.6,23.1,44.2,36.5,39.5,5.0,31.6,33.3,4.2
Stephen Curry,,O,PG,7800,GSW,LAC,2,106,,,104,105,0%,14,16,16,24,28,28,40.1,40.1,29.9,50.4,0.0,0.0,0.0,0,0.0,0.0
Paul George,6,,SF,7700,LAC,@GSW,1,118,30,20,103,111,2%,15,13,17,33,30,30,37.4,39.4,27.3,51.6,32.0,40.8,5.3,22.6,27.3,3.5
Julius Randle,8,,PF/C,7600,NYK,@WAS,1,113,28,18,105,113,0%,12,15,16,31,31,33,39.5,38.6,29.3,47.9,32.0,40.5,5.3,26.1,25.3,3.3
Ricky Rubio,14,,PG,7500,PHO,@POR,1,115,22,16,103,111,5%,13,11,11,36,34,32,43.5,36.3,23.8,48.8,35.0,40.8,5.4,35.5,40.5,5.4
Caris LeVert,6,,SG/SF,7500,BKN,@LAL,1,107,29,15,103,103,-2%,15,18,16,34,33,29,44.8,31.5,17.6,45.3,33.0,37.1,4.9,37.6,43.8,5.8
DeMar DeRozan,10,,SF,7400,SAS,DAL,1,114,27,21,101,108,-2%,16,13,16,36,36,35,37.3,39.6,31.3,47.9,36.0,41.8,5.6,35.4,41.3,5.6
Andrew Wiggins,4,,SG/SF,7400,GSW,LAC,2,106,25,16,104,105,-2%,15,17,18,37,36,35,39.4,37.7,27.0,48.3,35.0,38.9,5.3,32.4,29.0,3.9
Jaylen Brown,,O,SG,7300,BOS,@IND,1,109,24,17,101,105,-2%,20,19,16,40,38,34,37.0,35.0,26.0,44.0,0.0,0.0,0.0,0,0.0,0.0
Kemba Walker,2,,PG,7200,BOS,@IND,1,109,29,21,101,105,-1%,16,16,17,29,31,33,31.4,38.7,27.4,49.9,31.5,35.7,5.0,30.3,17.8,2.5
Ja Morant,3,,PG,7100,MEM,ORL,2,110,27,18,101,107,0%,12,13,14,32,30,30,38.5,34.2,22.8,45.6,31.5,36.2,5.1,35.3,33.5,4.7
Gordon Hayward,6,,SF/PF,7000,BOS,@IND,1,109,21,18,101,105,-12%,18,14,14,39,37,34,30.9,34.8,23.8,45.7,35.0,32.9,4.7,36.1,55.0,7.9
Collin Sexton,6,,PG/SG,7000,CLE,@CHI,1,107,27,16,102,108,-12%,19,20,17,40,40,33,40.8,30.8,22.5,39.1,37.0,33.9,4.8,36.5,36.8,5.3
Spencer Dinwiddie,5,,PG/SG,6800,BKN,@LAL,1,107,30,18,103,103,0%,11,11,16,32,29,32,33.5,37.8,27.9,47.8,32.5,36.7,5.4,30.6,39.0,5.7
Coby White,11,,PG/SG,6800,CHI,CLE,1,111,24,12,101,114,6%,21,20,12,36,34,26,38.3,23.8,12.7,34.8,35.5,39.0,5.7,38,30.3,4.5
Marcus Smart,5,,PG/SG,6700,BOS,@IND,1,109,20,14,101,105,-1%,20,18,12,38,38,33,40.6,31.1,20.3,41.8,36.5,33.1,4.9,35.7,30.3,4.5
LaMarcus Aldridge,1,,PF/C,6500,SAS,DAL,1,114,23,20,101,108,0%,19,19,15,37,36,33,42.4,37.3,25.8,48.8,32.5,36.9,5.7,36.9,43.5,6.7
Larry Nance Jr.,5,,PF/C,6400,CLE,@CHI,1,107,16,17,102,108,7%,10,11,8,37,36,26,33.2,25.3,13.8,36.9,35.0,32.9,5.1,31.9,36.5,5.7
Elfrid Payton,7,,PG,6300,NYK,@WAS,1,113,22,16,105,113,6%,12,9,10,31,28,29,30.9,30.9,20.3,41.5,29.5,33.9,5.4,18.3,13.0,2.1
Tim Hardaway Jr.,3,,SG/SF,6300,DAL,@SAS,1,118,22,15,102,111,3%,18,17,13,39,37,29,32.3,25.6,15.3,36.0,35.5,30.7,4.9,37.2,38.8,6.2
Malcolm Brogdon,,O,PG,6200,IND,BOS,1,106,27,18,102,104,-4%,14,14,15,35,33,33,35.1,36.8,27.8,45.7,0.0,0.0,0.0,0,0.0,0.0
Robert Covington,13,,SF/PF,6200,HOU,MIN,1,132,16,14,106,110,6%,13,11,11,32,33,30,35.8,29.3,20.5,38.2,33.5,37.8,6.1,40.9,25.8,4.2
Dejounte Murray,,O,PG,6200,SAS,DAL,1,114,21,17,101,108,-3%,17,13,9,28,28,25,34.1,27.5,17.1,38.0,0.0,0.0,0.0,0,0.0,0.0
Malik Beasley,7,,SG,6200,MIN,@HOU,1,119,20,13,106,108,6%,21,17,10,30,32,22,32.9,19.3,7.3,31.3,33.0,33.4,5.4,32.6,11.3,1.8
Montrezl Harrell,3,,C,6100,LAC,@GSW,1,118,25,23,103,111,2%,10,10,13,28,25,28,34.8,33.4,22.8,44.1,26.5,31.3,5.1,19.6,22.0,3.6
John Wall,,O,PG,6100,WAS,NYK,1,118,,,101,111,1%,0,0,0,0,0,0,0.0,0.0,0.0,0.0,0.0,0.0,0.0,0,0.0,0.0
T.J. Warren,7,,SF/PF,6000,IND,BOS,1,106,22,17,102,104,-6%,16,16,14,33,36,33,32.5,29.2,18.1,40.4,35.0,32.3,5.4,34.2,27.3,4.5
Marquese Chriss,15,,C,6000,GSW,LAC,2,106,19,20,104,105,-4%,12,10,7,31,29,20,37.0,22.9,12.3,33.6,31.0,37.4,6.2,27.1,26.5,4.4
Naz Reid,6,,C,6000,MIN,@HOU,1,119,24,16,106,108,0%,14,13,8,27,27,16,33.5,18.8,6.7,31.0,26.0,30.5,5.1,23.4,21.0,3.5
Draymond Green,,O,PF/C,5900,GSW,LAC,2,106,18,13,104,105,-4%,6,6,8,24,27,29,26.9,29.5,18.2,40.7,0.0,0.0,0.0,0,0.0,0.0
Aron Baynes,5,,C,5900,PHO,@POR,1,115,21,16,103,111,5%,20,11,9,35,21,22,27.8,23.0,9.5,36.5,32.5,35.5,6.0,33.8,12.5,2.1
Evan Fournier,,O,SG/SF,5800,ORL,@MEM,1,109,24,17,105,108,3%,12,13,14,31,31,32,32.0,29.9,21.7,38.1,0.0,0.0,0.0,0,0.0,0.0
Damion Lee,6,,SG,5800,GSW,LAC,2,106,19,13,104,105,-1%,17,13,11,35,35,30,32.0,26.7,17.1,36.3,34.5,31.0,5.3,30.9,21.3,3.7
Terrence Ross,7,,SG/SF,5800,ORL,@MEM,1,109,22,14,105,108,5%,10,13,12,32,31,28,32.6,24.3,15.9,32.7,32.0,31.1,5.4,30.5,33.0,5.7
Mikal Bridges,7,,SG/SF,5800,PHO,@POR,1,115,13,13,103,111,5%,12,11,6,41,39,27,30.9,20.4,10.6,30.3,39.0,31.3,5.4,42.7,21.8,3.8
Kelly Oubre Jr.,,O,SF,5700,PHO,@POR,1,115,21,15,103,111,5%,15,14,15,38,34,35,24.3,34.2,23.6,44.9,0.0,0.0,0.0,0,0.0,0.0
Jonathan Isaac,,O,SF/PF,5700,ORL,@MEM,1,109,18,17,105,108,-2%,13,10,10,31,31,31,35.1,31.5,20.2,42.9,0.0,0.0,0.0,0,0.0,0.0
Myles Turner,8,,C,5700,IND,BOS,1,106,17,15,102,104,-7%,11,10,10,34,33,30,32.6,28.2,18.7,37.6,32.5,31.2,5.5,36.2,36.5,6.4
Markelle Fultz,2,,PG/SG,5700,ORL,@MEM,1,109,22,14,105,108,2%,13,11,11,27,28,29,27.4,26.6,18.8,34.5,29.5,27.1,4.8,32.1,34.0,6.0
Eric Paschall,3,,SF/PF,5700,GSW,LAC,2,106,21,15,104,105,-4%,11,13,11,31,33,28,34.8,24.6,14.1,35.1,31.5,29.2,5.1,32.2,25.5,4.5
Carmelo Anthony,1,,PF,5600,POR,PHO,2,120,21,12,104,109,1%,9,10,14,28,30,33,22.6,27.9,17.9,37.9,32.5,27.3,4.9,32,40.8,7.3
Shabazz Napier,5,,PG,5600,WAS,NYK,1,118,21,14,101,111,1%,11,8,8,32,28,24,27.6,24.1,12.8,35.4,30.5,28.7,5.1,38.2,38.0,6.8
Victor Oladipo,1,,PG/SG,5600,IND,BOS,1,106,,,102,104,-1%,14,12,12,27,27,26,26.2,22.1,15.1,29.1,27.5,26.6,4.8,28.8,47.8,8.5
Tristan Thompson,,O,C,5500,CLE,@CHI,1,107,18,17,102,108,8%,11,11,10,35,31,31,30.8,31.0,19.7,42.2,0.0,0.0,0.0,0,0.0,0.0
DeAndre Jordan,4,,C,5500,BKN,@LAL,1,107,15,20,103,103,-10%,8,4,5,26,24,22,25.3,26.1,16.4,35.7,27.0,28.7,5.2,27.2,24.5,4.5
Mitchell Robinson,5,Q,C,5500,NYK,@WAS,1,113,13,24,105,113,5%,6,8,6,25,27,23,32.3,25.2,16.0,34.3,25.0,28.4,5.2,24.9,13.8,2.5
Dario Saric,4,,SF/PF,5500,PHO,@POR,1,115,17,13,103,111,4%,10,9,9,32,29,26,26.5,23.3,12.2,34.4,31.0,27.8,5.1,38.8,46.3,8.4
Jusuf Nurkic,,O,C,5500,POR,PHO,2,120,,,104,109,1%,0,0,0,0,0,0,0.0,0.0,0.0,0.0,0.0,0.0,0.0,0,0.0,0.0
Lou Williams,,O,PG/SG,5400,LAC,@GSW,1,118,29,17,103,111,8%,8,10,15,24,24,30,25.9,32.6,22.1,43.0,0.0,0.0,0.0,0,0.0,0.0
RJ Barrett,2,,PG/SG,5400,NYK,@WAS,1,113,24,10,105,113,0%,14,14,13,28,29,31,29.5,26.2,15.4,37.1,29.5,27.6,5.1,29.6,31.0,5.7
Cedi Osman,3,,SF/PF,5400,CLE,@CHI,1,107,17,11,102,108,1%,13,12,9,38,36,30,26.4,21.7,13.4,30.0,35.5,26.4,4.9,29.9,20.0,3.7
Davis Bertans,3,,PF,5300,WAS,NYK,1,118,19,16,101,111,1%,14,14,11,27,28,29,32.1,27.8,19.2,36.4,28.5,27.2,5.1,29.2,19.0,3.6
Dillon Brooks,4,,SG,5300,MEM,ORL,2,110,24,11,101,107,-5%,14,16,15,29,28,29,23.4,26.2,16.6,35.9,29.5,26.5,5.0,33.7,24.5,4.6
Thaddeus Young,,,PF,5300,CHI,CLE,1,111,20,13,101,114,3%,12,12,10,25,29,25,31.1,22.7,13.8,31.6,25.0,23.5,4.4,20.9,19.0,3.6
Seth Curry,,O,SG,5300,DAL,@SAS,1,118,19,16,102,111,0%,11,12,9,26,31,25,30.4,20.9,9.4,32.4,0.0,0.0,0.0,0,0.0,0.0
Trey Lyles,4,,PF/C,5300,SAS,DAL,1,114,13,13,101,108,0%,11,12,6,32,35,20,31.4,17.2,7.8,26.5,28.0,23.8,4.5,32.2,37.8,7.1
Juancho Hernangomez,11,,PF,5200,MIN,@HOU,1,119,14,10,106,108,7%,7,9,5,29,30,17,26.4,13.3,1.6,25.1,30.0,28.7,5.5,29.6,36.0,6.9
Jaren Jackson Jr.,,O,PF/C,5100,MEM,ORL,2,110,23,16,101,107,-1%,9,12,13,33,30,29,25.7,30.9,21.2,40.5,0.0,0.0,0.0,0,0.0,0.0
Rudy Gay,5,,SF/PF,5100,SAS,DAL,1,114,21,14,101,108,2%,14,12,9,30,28,22,28.4,21.6,12.8,30.4,23.5,22.4,4.4,19.9,22.5,4.4
Denzel Valentine,,,SG/SF,5100,CHI,CLE,1,111,23,13,101,114,7%,14,12,6,25,20,13,20.4,13.0,4.1,21.9,23.5,24.9,4.9,22.7,21.8,4.3
Daniel Theis,2,,C,5000,BOS,@IND,1,109,15,18,101,105,-5%,7,7,7,28,28,24,25.5,24.1,16.2,31.9,27.5,25.3,5.1,33.6,37.0,7.4
Shaquille Harrison,9,,PG/SF,5000,CHI,CLE,1,111,19,18,101,114,6%,12,7,4,35,26,11,25.9,11.0,-0.4,22.4,33.0,31.8,6.4,29.7,34.5,6.9
Rui Hachimura,5,,PF/C,4900,WAS,NYK,1,118,18,14,101,111,8%,7,8,11,36,32,30,23.4,25.3,16.0,34.6,32.5,27.5,5.6,28.6,27.3,5.6
Tomas Satoransky,,,PG,4900,CHI,CLE,1,111,18,14,101,114,6%,8,9,9,26,29,29,21.9,25.5,15.8,35.2,26.0,23.5,4.8,28.6,22.5,4.6
Joe Harris,2,,SG/SF,4900,BKN,@LAL,1,107,18,13,103,103,-6%,13,14,11,29,29,32,29.9,25.0,17.5,32.6,30.0,23.8,4.9,27,18.8,3.8
James Johnson,2,,PF/C,4900,MIN,@HOU,1,119,17,15,106,108,7%,9,8,7,22,22,20,27.4,20.1,8.8,31.4,23.0,24.5,5.0,25.4,32.0,6.5
Maxi Kleber,2,,PF/C,4800,DAL,@SAS,1,118,14,14,102,111,0%,6,6,7,32,31,25,23.9,21.1,13.0,29.1,30.0,24.5,5.1,30.7,23.3,4.9
Aaron Holiday,5,,PG/SG,4800,IND,BOS,1,106,20,12,102,104,-4%,7,6,9,33,28,24,15.5,20.3,9.7,30.9,32.0,24.8,5.2,33.9,14.0,2.9
Jarrett Allen,1,,C,4700,BKN,@LAL,1,107,15,20,103,103,-10%,6,7,7,20,23,26,22.3,29.3,18.5,40.1,20.5,20.7,4.4,20.6,17.8,3.8
Lauri Markkanen,4,,PF/C,4700,CHI,CLE,1,111,21,14,101,114,3%,9,11,12,24,29,30,23.8,28.1,18.7,37.5,26.5,24.6,5.2,27.3,22.5,4.8
Trevor Ariza,2,,SF,4700,POR,PHO,2,120,12,11,104,109,1%,8,8,6,33,35,29,25.3,20.1,10.1,30.1,34.0,22.9,4.9,36.7,35.0,7.4
Wendell Carter Jr.,4,,C,4600,CHI,CLE,1,111,16,15,101,114,3%,5,5,8,27,24,30,17.6,28.3,19.7,36.8,28.0,24.8,5.4,26.5,29.0,6.3
Otto Porter Jr.,6,,SF/PF,4600,CHI,CLE,1,111,,,101,114,7%,13,10,10,22,18,24,24.9,22.0,12.6,31.4,25.5,26.5,5.8,25.4,27.5,6.0
Derrick White,7,,PG/SG,4600,SAS,DAL,1,114,19,16,101,108,-3%,10,7,8,26,24,24,24.6,22.2,14.3,30.0,29.0,27.4,6.0,35.4,47.3,10.3
Josh Jackson,4,,SF,4600,MEM,ORL,2,110,,,101,107,-5%,15,12,9,22,20,21,25.1,20.9,12.2,29.5,22.0,20.4,4.4,19.9,23.3,5.1
De'Anthony Melton,1,,PG/SG,4600,MEM,ORL,2,110,21,15,101,107,0%,7,7,7,22,23,21,19.3,21.7,13.5,29.9,24.5,21.9,4.8,26.5,29.3,6.4
Kevin Porter Jr.,,O,SG/SF,4600,CLE,@CHI,1,107,21,11,102,108,-12%,14,14,9,38,35,24,33.0,19.5,10.4,28.7,0.0,0.0,0.0,0,0.0,0.0
Kyle Anderson,2,,SF/PF,4600,MEM,ORL,2,110,14,13,101,107,-5%,6,7,5,27,26,19,19.9,17.0,9.6,24.4,28.0,23.1,5.0,26.4,13.0,2.8
Marcus Morris Sr.,2,,SF/PF,4500,LAC,@GSW,1,118,17,15,103,111,2%,11,9,14,25,27,32,16.6,29.4,18.2,40.5,28.0,22.7,5.0,22.2,18.0,4.0
Gorgui Dieng,1,,C,4500,MEM,ORL,2,110,18,17,101,107,-5%,4,5,6,18,21,18,20.6,20.2,7.7,32.7,19.0,21.5,4.8,15,23.5,5.2
Brandon Clarke,,O,PF/C,4400,MEM,ORL,2,110,19,22,101,107,-1%,9,10,8,29,25,22,28.7,25.0,17.5,32.6,0.0,0.0,0.0,0,0.0,0.0
Kyle Kuzma,,,SF/PF,4400,LAL,BKN,1,119,23,12,104,106,-3%,10,12,11,23,26,25,21.9,22.0,12.7,31.2,24.0,21.9,5.0,22.4,22.3,5.1
Delon Wright,3,,PG/SG,4400,DAL,@SAS,1,118,16,16,102,111,3%,6,5,6,26,27,22,23.7,20.8,12.1,29.4,23.0,20.3,4.6,19.3,19.0,4.3
Jeremy Lamb,,O,SF,4300,IND,BOS,1,106,19,14,102,104,-1%,9,9,11,24,27,29,24.5,25.2,15.5,34.8,0.0,0.0,0.0,0,0.0,0.0
Danuel House Jr.,1,,SF/PF,4300,HOU,MIN,1,132,13,12,106,110,0%,6,9,9,28,29,31,21.1,21.9,12.4,31.5,29.0,22.8,5.3,12.3,8.8,2.0
D.J. Augustin,4,,PG,4300,ORL,@MEM,1,109,20,14,105,108,2%,9,8,8,27,23,26,23.6,22.3,13.6,31.0,26.0,22.7,5.3,23.9,24.0,5.6
Ivica Zubac,,,C,4300,LAC,@GSW,1,118,16,21,103,111,2%,5,4,5,17,19,19,21.1,21.1,13.5,28.7,19.0,21.6,5.0,19.8,20.0,4.7
Michael Carter-Williams,2,,PG/SG,4300,ORL,@MEM,1,109,19,15,105,108,2%,9,8,6,25,21,19,20.7,18.1,10.5,25.8,22.5,21.6,5.0,24.5,27.8,6.5
P.J. Tucker,,,C,4200,HOU,MIN,1,132,9,9,106,110,6%,6,5,6,32,33,35,18.0,21.9,12.7,31.2,33.0,21.0,5.0,35.9,27.8,6.6
Mychal Mulder,3,,PG,4200,GSW,LAC,2,106,,,104,105,0%,10,10,10,28,31,30,22.9,20.3,12.6,27.9,30.5,23.2,5.5,26.4,7.5,1.8
Bobby Portis,1,,PF/C,4200,NYK,@WAS,1,113,21,14,105,113,0%,11,11,9,23,22,22,22.7,20.6,11.2,30.1,20.5,20.7,4.9,26.8,37.0,8.8
T.J. McConnell,,,PG,4200,IND,BOS,1,106,20,16,102,104,-4%,6,7,6,18,19,19,17.8,18.9,10.9,27.0,18.0,16.6,4.0,14.4,9.3,2.2
Cameron Johnson,,O,SF/PF,4200,PHO,@POR,1,115,16,12,103,111,5%,12,8,7,30,25,20,20.5,15.8,7.2,24.3,0.0,0.0,0.0,0,0.0,0.0
Taurean Prince,1,,PF,4100,BKN,@LAL,1,107,20,9,103,103,-6%,11,12,12,29,27,29,21.4,25.7,16.9,34.5,27.5,22.3,5.4,27.8,19.0,4.6
Ish Smith,,O,PG,4100,WAS,NYK,1,118,19,14,101,111,1%,8,8,10,21,23,26,20.3,24.1,14.6,33.7,0.0,0.0,0.0,0,0.0,0.0
Darius Garland,,O,PG,4100,CLE,@CHI,1,107,21,9,102,108,-12%,14,13,12,33,34,31,23.8,21.7,13.9,29.4,0.0,0.0,0.0,0,0.0,0.0
Josh Okogie,1,,SG/SF,4100,MIN,@HOU,1,119,15,12,106,108,6%,5,6,7,25,26,25,18.8,19.3,11.4,27.1,28.0,22.1,5.4,35.6,16.0,3.9
Tyus Jones,1,,PG,4100,MEM,ORL,2,110,19,16,101,107,0%,8,10,7,19,20,19,26.1,18.2,10.1,26.3,20.0,19.0,4.6,20.5,12.5,3.0
Jordan Poole,,,PG/SG,4100,GSW,LAC,2,106,21,7,104,105,0%,7,8,9,18,24,23,22.5,16.6,7.9,25.3,20.5,16.3,4.0,26.1,25.3,6.2
Jerome Robinson,4,,SG/SF,4100,WAS,NYK,1,118,15,6,101,111,-3%,9,7,4,31,27,14,19.6,9.2,0.8,17.6,28.5,19.8,4.8,14.2,4.8,1.2
Kris Dunn,,O,SG,4000,CHI,CLE,1,111,16,12,101,114,6%,6,6,7,26,29,25,29.0,21.7,12.9,30.5,0.0,0.0,0.0,0,0.0,0.0
Jordan McLaughlin,,,PG,4000,MIN,@HOU,1,119,18,16,106,108,-1%,7,7,6,22,22,20,21.3,18.8,8.2,29.3,20.5,20.2,5.0,19.2,12.0,3.0
Jeff Green,3,,PF/C,4000,HOU,MIN,1,132,17,13,106,110,6%,12,8,7,28,21,19,21.7,15.3,7.5,23.1,16.0,13.7,3.4,20.6,7.5,1.9
Matthew Dellavedova,9,,PG/SG,4000,CLE,@CHI,1,107,16,8,102,108,-12%,8,6,3,38,32,14,23.1,9.7,2.1,17.3,35.0,21.9,5.5,34.2,26.5,6.6
Justise Winslow,,O,PG,3900,MEM,ORL,2,110,,,101,107,-5%,14,11,13,33,31,34,25.3,29.2,17.3,41.1,0.0,0.0,0.0,0,0.0,0.0
Thomas Bryant,5,,C,3900,WAS,NYK,1,118,18,20,101,111,-6%,4,5,8,20,19,24,19.2,25.7,14.6,36.8,20.5,21.8,5.6,24.3,33.5,8.6
Reggie Jackson,6,,PG,3900,LAC,@GSW,1,118,28,14,103,111,5%,6,6,11,16,19,24,18.6,24.5,13.2,35.8,21.0,22.0,5.6,19.2,24.0,6.2
Garrett Temple,,O,PG/SG,3900,BKN,@LAL,1,107,17,10,103,103,-2%,7,10,10,22,27,28,24.2,21.8,13.3,30.2,0.0,0.0,0.0,0,0.0,0.0
Jalen Brunson,,O,PG/SG,3900,DAL,@SAS,1,118,22,15,102,111,3%,5,7,7,17,24,18,18.1,17.1,6.3,27.8,0.0,0.0,0.0,0,0.0,0.0
Avery Bradley,,,PG/SG,3900,LAL,BKN,1,119,16,9,104,106,-1%,11,9,8,32,29,24,20.4,15.7,7.5,23.9,28.0,18.0,4.6,31.1,16.5,4.2
Gary Trent Jr.,,,SG/SF,3900,POR,PHO,2,120,15,12,104,109,0%,10,11,7,21,27,20,18.5,13.8,3.1,24.4,22.0,15.7,4.0,17.9,7.5,1.9
James Ennis III,,,SF/PF,3800,ORL,@MEM,1,109,14,12,105,108,3%,3,5,5,22,25,18,16.4,13.3,6.3,20.3,25.5,19.0,5.0,23.2,14.5,3.8
Patrick Beverley,9,,PG,3700,LAC,@GSW,1,118,14,12,103,111,5%,3,3,7,25,23,28,11.3,23.8,13.7,34.0,26.5,22.1,6.0,20.7,22.8,6.2
Troy Brown Jr.,10,,SG/SF,3700,WAS,NYK,1,118,17,14,101,111,1%,9,7,8,29,22,25,18.6,22.6,12.8,32.4,27.5,23.8,6.4,23.5,17.5,4.7
Eric Gordon,,,SG/SF,3700,HOU,MIN,1,132,21,11,106,110,4%,10,10,13,23,24,29,17.4,22.4,10.8,34.0,22.5,18.4,5.0,29.8,20.5,5.5
Dorian Finney-Smith,4,,SF/PF,3700,DAL,@SAS,1,118,13,12,102,111,3%,8,6,7,32,30,30,24.1,21.7,13.8,29.5,31.0,21.6,5.8,37.9,22.5,6.1
Austin Rivers,,,PG/SG,3700,HOU,MIN,1,132,15,10,106,110,4%,7,5,7,30,22,24,12.3,16.2,7.8,24.5,18.0,13.7,3.7,18.1,13.5,3.6
JaVale McGee,5,,C,3600,LAL,BKN,1,119,15,20,104,106,7%,4,4,5,16,18,17,16.2,18.7,10.1,27.3,19.5,23.6,6.6,16.8,11.8,3.3
Ky Bowman,,O,PG,3600,GSW,LAC,2,106,18,9,104,105,0%,10,8,7,28,24,23,20.3,17.2,6.2,28.1,0.0,0.0,0.0,24.1,17.5,4.9
Chandler Hutchison,,O,PF,3600,CHI,CLE,1,111,19,12,101,114,7%,11,11,7,30,28,19,23.9,16.7,9.3,24.0,0.0,0.0,0.0,0,0.0,0.0
Semi Ojeleye,,,PF,3600,BOS,@IND,1,109,9,8,101,105,-5%,6,5,3,19,17,15,12.2,7.3,0.4,14.3,0.0,0.0,0.0,21.2,10.5,2.9
Moritz Wagner,1,,PF/C,3500,WAS,NYK,1,118,19,17,101,111,8%,3,3,6,18,16,19,13.3,20.3,10.4,30.2,18.0,17.2,4.9,21.2,14.8,4.2
Jarrett Culver,,,SG/SF,3500,MIN,@HOU,1,119,19,10,106,108,-1%,7,9,9,24,23,24,18.6,19.0,9.5,28.4,21.5,17.9,5.1,18.2,16.3,4.7
Justin Holiday,1,,SG/SF,3500,IND,BOS,1,106,13,13,102,104,-1%,7,7,7,24,22,26,17.5,19.1,11.5,26.8,23.5,16.9,4.8,21,17.5,5.0
Bryn Forbes,6,,PG/SG,3500,SAS,DAL,1,114,18,11,101,108,-2%,9,9,9,25,25,25,17.3,18.3,10.3,26.3,28.0,20.3,5.8,19.8,13.3,3.8
Juan Toscano-Anderson,2,,SF/PF,3500,GSW,LAC,2,106,,,104,105,-4%,5,5,5,25,26,23,16.8,17.1,8.5,25.7,27.0,21.7,6.2,0.8,0.0,0.0
Dragan Bender,1,,PF/C,3500,GSW,LAC,2,106,,,104,105,-4%,5,8,6,15,21,18,22.5,16.0,8.0,24.1,16.0,13.0,3.7,25.4,35.8,10.2
Grant Williams,,,SF/PF,3500,BOS,@IND,1,109,12,8,101,105,-5%,4,4,3,16,19,16,10.5,10.3,3.2,17.5,15.0,10.1,2.9,2.7,2.0,0.6
Dwight Howard,,O,C,3400,LAL,BKN,1,119,14,19,104,106,7%,3,4,4,12,18,20,17.9,21.3,11.9,30.6,0.0,0.0,0.0,0,0.0,0.0
Jakob Poeltl,,O,C,3400,SAS,DAL,1,114,14,20,101,108,-3%,5,3,4,13,13,17,15.6,18.5,10.3,26.7,0.0,0.0,0.0,0,0.0,0.0
Kentavious Caldwell-Pope,,,SG,3400,LAL,BKN,1,119,15,12,104,106,-1%,5,8,8,24,26,27,15.0,17.8,11.3,24.2,24.5,16.7,4.9,24.9,17.8,5.2
Courtney Lee,3,,SG/SF,3400,DAL,@SAS,1,118,,,102,111,0%,8,5,3,30,23,14,14.6,9.1,1.9,16.3,25.0,15.9,4.7,22.3,8.0,2.4
Rajon Rondo,,,PG,3300,LAL,BKN,1,119,21,13,104,106,3%,7,6,7,17,19,21,11.9,19.8,8.9,30.8,16.0,15.4,4.7,15.6,6.8,2.1
Ben McLemore,,,SG/SF,3300,HOU,MIN,1,132,15,12,106,110,4%,5,4,8,17,18,24,10.1,17.0,8.1,26.0,13.5,9.8,3.0,9.7,8.5,2.6
J.J. Barea,,,PG/SG,3300,DAL,@SAS,1,118,,,102,111,3%,4,5,7,10,12,15,8.6,16.1,7.7,24.5,0.0,0.0,0.0,0,0.0,0.0
Dennis Smith Jr.,,,PG,3300,NYK,@WAS,1,113,25,8,105,113,6%,9,8,6,14,16,16,17.3,14.2,3.8,24.5,0.0,0.0,0.0,0,0.0,0.0
Luke Kornet,,O,PF/C,3300,CHI,CLE,1,111,16,13,101,114,3%,6,8,5,20,22,16,16.4,12.5,2.6,22.4,0.0,0.0,0.0,0,0.0,0.0
Enes Kanter,,,C,3200,BOS,@IND,1,109,19,22,101,105,1%,4,4,6,10,15,18,16.5,21.8,10.8,32.8,0.0,0.0,0.0,14.4,15.8,4.9
Danny Green,6,,SG/SF,3200,LAL,BKN,1,119,14,11,104,106,-1%,5,5,7,28,25,25,12.4,18.4,9.2,27.6,25.0,18.6,5.8,29,19.5,6.1
JaMychal Green,1,,PF,3200,LAC,@GSW,1,118,13,11,103,111,2%,6,5,6,17,18,21,15.4,17.8,9.5,26.1,17.0,14.3,4.5,25.8,31.0,9.7
Moe Harkless,,,SF/PF,3200,NYK,@WAS,1,113,10,10,105,113,8%,2,5,5,18,23,23,13.6,15.1,7.7,22.5,20.0,13.8,4.3,11.6,6.8,2.1
Brad Wanamaker,1,,PG,3200,BOS,@IND,1,109,16,12,101,105,-1%,4,5,5,18,22,21,11.3,15.6,9.1,22.2,16.0,11.6,3.6,20.4,12.5,3.9
Wes Iwundu,,,SF,3200,ORL,@MEM,1,109,13,10,105,108,3%,6,5,4,20,20,18,15.0,11.8,5.6,18.0,20.5,14.5,4.5,16.8,8.3,2.6
Justin Jackson,1,,SF/PF,3200,DAL,@SAS,1,118,16,10,102,111,3%,6,5,5,25,17,16,14.2,11.2,4.3,18.1,0.0,0.0,0.0,9.5,7.5,2.3
Timothe Luwawu-Cabarrot,,,SF/PF,3200,BKN,@LAL,1,107,15,9,103,103,-2%,5,6,5,26,26,17,16.3,11.4,3.5,19.3,24.5,16.8,5.3,25.4,21.0,6.6
Edmond Sumner,1,,SG/SF,3200,IND,BOS,1,106,,,102,104,-4%,10,5,5,22,14,14,10.8,10.3,2.6,18.0,18.0,13.0,4.1,17.4,12.0,3.8
Alfonzo McKinnie,1,,SF/PF,3200,CLE,@CHI,1,107,15,9,102,108,1%,6,6,4,20,18,15,11.7,10.0,2.2,17.7,21.5,14.0,4.4,22.9,13.3,4.2
Cheick Diallo,,,PF/C,3200,PHO,@POR,1,115,16,16,103,111,4%,4,2,3,14,7,11,4.5,9.7,0.6,18.8,14.5,13.0,4.1,13.5,16.3,5.1
Patty Mills,7,,PG/SG,3100,SAS,DAL,1,114,20,15,101,108,-3%,5,8,9,18,20,23,17.9,19.2,10.5,27.9,24.0,19.4,6.3,18.9,18.3,5.9
Markieff Morris,,,PF/C,3100,LAL,BKN,1,119,22,13,104,106,-3%,4,5,8,13,14,22,11.2,19.0,10.5,27.5,17.0,15.3,4.9,14.7,12.5,4.0
Landry Shamet,,,SG/SF,3100,LAC,@GSW,1,118,13,9,103,111,8%,4,5,8,16,18,28,8.3,17.0,8.9,25.0,22.5,13.6,4.4,26.6,20.8,6.7
Mo Bamba,1,,C,3100,ORL,@MEM,1,109,17,18,105,108,5%,6,6,5,13,14,15,21.8,16.9,9.4,24.3,11.0,12.1,3.9,12.7,21.3,6.9
Doug McDermott,,O,SF/PF,3100,IND,BOS,1,106,19,14,102,104,-6%,7,7,8,18,15,20,16.3,16.3,8.7,23.9,0.0,0.0,0.0,0,0.0,0.0
Jake Layman,,,SF/PF,3100,MIN,@HOU,1,119,17,10,106,108,7%,7,5,8,18,16,22,10.2,15.6,8.1,23.2,18.5,14.9,4.8,17,12.3,4.0
Robert Williams,1,P,C,3100,BOS,@IND,1,109,,,101,105,-5%,3,3,3,15,13,14,15.2,15.4,8.4,22.4,14.5,14.1,4.5,0,0.0,0.0
Reggie Bullock,,,SG/SF,3100,NYK,@WAS,1,113,16,9,105,113,8%,1,2,8,11,14,23,5.3,15.3,7.6,23.0,0.0,0.0,0.0,28.4,18.0,5.8
Anfernee Simons,,,PG/SG,3100,POR,PHO,2,120,19,9,104,109,0%,6,6,8,15,16,22,12.6,15.3,7.7,22.9,15.0,11.1,3.6,11.3,5.5,1.8
Frank Ntilikina,,,PG/SG,3100,NYK,@WAS,1,113,17,9,105,113,6%,8,6,6,14,18,21,12.7,15.4,5.6,25.2,17.5,13.9,4.5,29.7,43.5,14.0
Wilson Chandler,1,,PF,3100,BKN,@LAL,1,107,13,7,103,103,-6%,5,5,5,20,19,21,10.2,14.4,8.2,20.5,22.0,14.6,4.7,26.6,15.3,4.9
Taj Gibson,,,C,3100,NYK,@WAS,1,113,15,16,105,113,0%,5,5,5,15,17,17,15.4,14.2,6.6,21.8,14.5,13.1,4.2,17.5,17.3,5.6
Alex Caruso,,P,PG/SG,3100,LAL,BKN,1,119,14,11,104,106,-1%,3,4,5,13,16,18,15.0,13.6,6.2,21.0,15.5,12.4,4.0,14.1,8.5,2.7
Kevin Knox II,,,SF/PF,3100,NYK,@WAS,1,113,18,8,105,113,8%,7,7,6,16,18,18,14.6,13.2,6.0,20.5,17.0,12.6,4.1,11.1,5.5,1.8
Isaac Bonga,,O,SF/PF,3100,WAS,NYK,1,118,10,11,101,111,1%,2,3,3,14,17,18,9.2,12.3,5.0,19.7,0.0,0.0,0.0,0,0.0,0.0
Mario Hezonja,1,,SF/PF,3100,POR,PHO,2,120,14,9,104,109,0%,7,5,4,18,18,16,17.6,11.8,3.6,20.0,17.0,12.5,4.0,14.4,14.0,4.5
Daniel Gafford,,,C,3100,CHI,CLE,1,111,13,16,101,114,3%,3,3,3,18,18,14,12.4,11.7,3.3,20.0,16.0,13.7,4.4,20.9,16.5,5.3
John Konchar,1,,SG/SF,3100,MEM,ORL,2,110,,,101,107,0%,4,4,2,15,17,11,17.9,11.0,1.9,20.1,16.0,15.1,4.9,8.8,5.0,1.6
Jevon Carter,1,,PG/SG,3100,PHO,@POR,1,115,14,10,103,111,5%,7,6,4,23,20,15,12.0,10.9,3.4,18.3,25.0,18.6,6.0,23.3,24.8,8.0
Chris Chiozza,1,,PG,3100,BKN,@LAL,1,107,,,103,103,0%,6,5,4,17,16,12,15.2,10.7,2.3,19.0,17.5,14.5,4.7,17.3,21.3,6.9
Wayne Ellington,,,SG/SF,3100,NYK,@WAS,1,113,15,9,105,113,5%,5,6,5,18,19,17,15.2,11.2,3.6,18.8,17.0,12.6,4.1,16.1,16.5,5.3
Anthony Tolliver,,,PF/C,3100,MEM,ORL,2,110,11,7,101,107,-1%,4,4,3,18,19,16,10.4,9.4,1.7,17.1,18.0,11.2,3.6,17.9,6.3,2.0
Keldon Johnson,1,,SF,3100,SAS,DAL,1,114,,,101,108,-3%,5,5,4,19,14,10,13.4,9.3,1.0,17.7,15.0,12.1,3.9,13.3,8.0,2.6
Jakarr Sampson,,,SF/PF,3100,IND,BOS,1,106,,,102,104,-6%,5,2,3,15,11,13,8.8,8.9,1.1,16.6,13.0,9.7,3.1,12.6,7.8,2.5
Drew Eubanks,,,PF/C,3100,SAS,DAL,1,114,,,101,108,-3%,4,3,2,19,16,10,11.8,8.2,1.3,15.0,0.0,0.0,0.0,7,7.8,2.5
Wenyen Gabriel,,,PF,3100,POR,PHO,2,120,,,104,109,1%,3,2,2,10,10,8,10.6,5.8,0.1,11.5,0.0,0.0,0.0,1.6,0.0,0.0
Romeo Langford,,,SG/SF,3100,BOS,@IND,1,109,,,101,105,-1%,2,2,2,13,11,11,5.5,5.4,-1.2,12.0,13.5,7.1,2.3,9.8,1.3,0.4
Kyrie Irving,,O,PG,3000,BKN,@LAL,1,107,33,26,103,103,0%,18,20,21,30,33,34,46.4,48.4,33.4,63.4,0.0,0.0,0.0,0,0.0,0.0
Frank Kaminsky,,O,C,3000,PHO,@POR,1,115,21,15,103,111,4%,6,7,9,18,17,23,18.0,22.9,12.4,33.3,0.0,0.0,0.0,0,0.0,0.0
Dwight Powell,,O,C,3000,DAL,@SAS,1,118,13,16,102,111,0%,8,8,6,31,30,28,26.8,22.4,13.7,31.0,0.0,0.0,0.0,0,0.0,0.0
Willie Cauley-Stein,,O,C,3000,DAL,@SAS,1,118,15,17,102,111,3%,4,4,6,10,14,21,17.4,20.9,13.0,28.8,0.0,0.0,0.0,0,0.0,0.0
Ian Mahinmi,,,C,3000,WAS,NYK,1,118,16,14,101,111,-6%,5,5,6,17,21,22,17.9,20.5,11.6,29.4,0.0,0.0,0.0,0,0.0,0.0
Rodney Hood,,O,SG,3000,POR,PHO,2,120,14,12,104,109,0%,8,9,9,31,31,32,21.0,21.6,14.0,29.2,0.0,0.0,0.0,0,0.0,0.0
Zach Collins,,O,PF/C,3000,POR,PHO,2,120,,,104,109,1%,5,6,6,28,29,29,17.8,17.8,14.9,20.8,0.0,0.0,0.0,0,0.0,0.0
Dion Waiters,,O,SF,3000,LAL,BKN,1,119,,,104,106,-1%,7,9,9,12,14,14,17.6,17.6,9.3,25.9,0.0,0.0,0.0,0,0.0,0.0
Omari Spellman,,O,C,3000,MIN,@HOU,1,119,18,14,106,108,7%,4,6,6,20,21,19,12.9,17.4,8.3,26.6,0.0,0.0,0.0,0,0.0,0.0
Al-Farouq Aminu,,O,PF,3000,ORL,@MEM,1,109,,,105,108,-2%,5,5,5,19,20,22,12.3,15.8,6.9,24.7,0.0,0.0,0.0,0,0.0,0.0
Anzejs Pasecniks,,,C,3000,WAS,NYK,1,118,15,12,101,111,-6%,2,2,5,11,11,19,5.8,15.3,7.0,23.7,0.0,0.0,0.0,2.6,0.0,0.0
Grayson Allen,,O,PG,3000,MEM,ORL,2,110,18,11,101,107,-1%,5,5,6,12,15,17,10.8,13.0,5.9,20.0,0.0,0.0,0.0,0,0.0,0.0
Gary Payton II,,,PG,3000,WAS,NYK,1,118,14,12,101,111,1%,2,2,4,6,3,15,3.8,12.8,1.4,24.1,0.0,0.0,0.0,10.4,5.3,1.8
Boban Marjanovic,,,C,3000,DAL,@SAS,1,118,,,102,111,3%,3,5,5,5,8,9,12.8,12.6,1.7,23.6,0.0,0.0,0.0,8.8,5.3,1.8
Kelan Martin,,O,SF/PF,3000,MIN,@HOU,1,119,17,9,106,108,7%,2,3,6,7,9,16,7.3,12.5,4.0,20.9,0.0,0.0,0.0,0,0.0,0.0
Damyean Dotson,,,SG/SF,3000,NYK,@WAS,1,113,17,11,105,113,5%,8,6,6,15,15,17,12.2,12.4,5.1,19.6,0.0,0.0,0.0,0,0.0,0.0
Khem Birch,,,PF/C,3000,ORL,@MEM,1,109,9,10,105,108,5%,1,1,3,2,8,19,4.5,12.4,3.4,21.3,0.0,0.0,0.0,0,0.0,0.0
Isaiah Hartenstein,,O,C,3000,HOU,MIN,1,132,,,106,110,0%,2,2,3,8,6,12,4.3,12.3,-2.0,26.6,0.0,0.0,0.0,0,0.0,0.0
Naz Mitrou-Long,,O,PG/SG,3000,IND,BOS,1,106,,,102,104,-1%,8,5,5,20,14,14,12.0,12.0,2.2,21.8,0.0,0.0,0.0,0,0.0,0.0
Cristiano Felicio,,,C,3000,CHI,CLE,1,111,,,101,114,0%,0,2,3,3,14,18,10.0,11.6,3.9,19.4,0.0,0.0,0.0,0,0.0,0.0
Lonnie Walker IV,,O,SG/SF,3000,SAS,DAL,1,114,18,11,101,108,-2%,6,5,5,20,20,15,15.6,11.2,2.6,19.9,0.0,0.0,0.0,0,0.0,0.0
Kevon Looney,,O,C,3000,GSW,LAC,2,106,,,104,105,-2%,6,6,4,17,17,13,15.0,10.5,4.7,16.4,0.0,0.0,0.0,0,0.0,0.0
Nicolas Claxton,,,C,3000,BKN,@LAL,1,107,,,103,103,-6%,2,5,3,9,13,13,15.8,10.6,2.8,18.4,0.0,0.0,0.0,0,0.0,0.0
Kadeem Allen,,O,PG/SG,3000,NYK,@WAS,1,113,,,105,113,5%,3,5,4,13,14,12,12.7,10.5,1.2,19.8,0.0,0.0,0.0,0,0.0,0.0
Ryan Arcidiacono,,O,PG/SG,3000,CHI,CLE,1,111,13,9,101,114,6%,7,5,4,22,21,16,15.8,10.7,4.1,17.4,0.0,0.0,0.0,0,0.0,0.0
Elie Okobo,,,PG/SG,3000,PHO,@POR,1,115,16,11,103,111,5%,3,4,3,13,15,13,12.1,10.3,2.0,18.6,0.0,0.0,0.0,1.6,0.0,0.0
Marco Belinelli,,P,SG/SF,3000,SAS,DAL,1,114,17,10,101,108,-2%,3,5,5,6,13,15,10.4,10.8,3.7,17.8,18.5,14.6,4.9,21.1,24.5,8.2
Allonzo Trier,,,PG/SG,3000,NYK,@WAS,1,113,,,105,113,6%,5,5,4,11,12,12,10.1,10.3,2.5,18.1,0.0,0.0,0.0,0,0.0,0.0
Johnathan Williams,,O,C,3000,WAS,NYK,1,118,,,101,111,8%,1,1,2,1,2,12,1.9,10.0,-0.3,20.2,0.0,0.0,0.0,0,0.0,0.0
Evan Turner,,O,PG/SG,3000,MIN,@HOU,1,119,,,106,108,6%,3,2,4,13,11,13,4.7,9.9,3.5,16.3,0.0,0.0,0.0,0,0.0,0.0
Dante Exum,,O,PG/SG,3000,CLE,@CHI,1,107,15,10,102,108,-12%,4,3,3,16,17,14,13.3,9.6,2.2,17.0,0.0,0.0,0.0,0,0.0,0.0
Garrison Mathews,1,,SG/SF,3000,WAS,NYK,1,118,,,101,111,1%,2,4,3,11,14,13,9.8,9.5,0.6,18.4,13.0,9.5,3.2,8.6,5.5,1.8
Ante Zizic,,,C,3000,CLE,@CHI,1,107,,,102,108,7%,3,4,3,9,11,10,7.8,9.4,1.9,16.9,0.0,0.0,0.0,0,0.0,0.0
Rodions Kurucs,,,PF,3000,BKN,@LAL,1,107,15,8,103,103,-6%,3,3,3,9,11,13,6.8,9.4,2.8,16.1,0.0,0.0,0.0,0,0.0,0.0
Jacob Evans III,,O,PG/SG,3000,MIN,@HOU,1,119,18,6,106,108,6%,1,4,5,2,14,14,10.2,8.9,1.7,16.0,0.0,0.0,0.0,0,0.0,0.0
Patrick Patterson,,,PF/C,3000,LAC,@GSW,1,118,15,12,103,111,2%,2,1,4,5,4,12,3.0,9.2,1.2,17.2,0.0,0.0,0.0,8.6,9.0,3.0
Theo Pinson,,,SG,3000,BKN,@LAL,1,107,,,103,103,0%,1,1,5,4,5,11,4.6,9.2,3.2,15.2,0.0,0.0,0.0,0,0.0,0.0
Ty Jerome,1,,PG/SG,3000,PHO,@POR,1,115,,,103,111,5%,4,2,4,14,8,11,3.8,9.0,1.2,16.7,15.0,12.2,4.1,15,2.8,0.9
Caleb Swanigan,,,C,3000,POR,PHO,2,120,,,104,109,1%,0,1,2,5,9,11,8.1,8.9,2.9,14.9,0.0,0.0,0.0,11.2,7.3,2.4
Alen Smailagic,,O,C,3000,GSW,LAC,2,106,,,104,105,-4%,2,2,3,10,9,10,6.8,8.7,3.4,14.1,0.0,0.0,0.0,0,0.0,0.0
Dzanan Musa,,O,PF,3000,BKN,@LAL,1,107,19,8,103,103,-2%,3,2,4,6,4,12,4.8,8.7,1.8,15.5,0.0,0.0,0.0,0,0.0,0.0
Marko Guduric,,,SG/SF,3000,MEM,ORL,2,110,18,9,101,107,0%,1,1,4,3,4,11,3.4,8.6,2.0,15.2,0.0,0.0,0.0,0,0.0,0.0
Rodney McGruder,,,SG/SF,3000,LAC,@GSW,1,118,11,7,103,111,8%,1,1,3,3,4,15,2.6,8.5,1.5,15.5,12.5,7.8,2.6,21,12.3,4.1
Nassir Little,,,SF/PF,3000,POR,PHO,2,120,13,10,104,109,1%,4,2,3,5,8,12,4.9,8.4,1.1,15.6,0.0,0.0,0.0,1.6,3.3,1.1
Gary Clark,,,PF/C,3000,ORL,@MEM,1,109,12,11,105,108,-2%,1,2,3,5,11,12,4.8,8.4,1.4,15.5,0.0,0.0,0.0,9.3,4.0,1.3
Quinn Cook,,,PG/SG,3000,LAL,BKN,1,119,21,11,104,106,3%,3,3,5,7,5,11,4.2,8.3,-0.1,16.8,0.0,0.0,0.0,0,0.0,0.0
DeMarre Carroll,,,PF/C,3000,HOU,MIN,1,132,,,106,110,6%,5,5,3,17,16,11,13.4,8.1,3.3,12.9,0.0,0.0,0.0,0,0.0,0.0
Chris Clemons,,,PG,3000,HOU,MIN,1,132,,,106,110,4%,1,3,4,3,6,9,3.6,7.9,-2.1,17.9,0.0,0.0,0.0,0,0.0,0.0
Thabo Sefolosha,,,SF/PF,3000,HOU,MIN,1,132,11,10,106,110,6%,1,2,2,9,9,11,6.2,7.8,2.3,13.2,0.0,0.0,0.0,0,0.0,0.0
Bruno Caboclo,,,PF/C,3000,HOU,MIN,1,132,,,106,110,6%,3,2,3,7,6,8,7.0,7.8,-0.7,16.4,0.0,0.0,0.0,0,0.0,0.0
Goga Bitadze,,,C,3000,IND,BOS,1,106,17,12,102,104,-7%,2,3,3,5,6,8,5.2,7.5,0.0,15.0,0.0,0.0,0.0,0,0.0,0.0
Jaylen Nowell,,,PG/SG,3000,MIN,@HOU,1,119,,,106,108,-1%,3,3,4,11,9,10,7.2,7.6,2.2,12.9,0.0,0.0,0.0,5,4.0,1.3
TJ Leaf,,,C,3000,IND,BOS,1,106,,,102,104,-2%,1,1,3,4,4,8,3.2,7.3,-1.4,15.9,0.0,0.0,0.0,0,0.0,0.0
Javonte Green,,,PG/SG,3000,BOS,@IND,1,109,14,12,101,105,-5%,1,1,2,9,11,9,7.2,7.2,1.2,13.1,0.0,0.0,0.0,0,0.0,0.0
Tremont Waters,,O,PG,3000,BOS,@IND,1,109,,,101,105,-1%,4,3,4,9,10,9,6.2,7.3,0.9,13.7,0.0,0.0,0.0,0,0.0,0.0
Michael Kidd-Gilchrist,,O,PF,3000,DAL,@SAS,1,118,,,102,111,3%,2,1,3,9,6,11,2.9,7.2,1.1,13.2,0.0,0.0,0.0,0,0.0,0.0
Jaylen Hoard,,O,SF/PF,3000,POR,PHO,2,120,,,104,109,1%,2,4,3,10,13,8,10.8,7.1,1.4,12.8,0.0,0.0,0.0,0,0.0,0.0
Luka Samanic,,,PF,3000,SAS,DAL,1,114,,,101,108,0%,0,0,0,0,0,0,0.0,0.0,0.0,0.0,0.0,0.0,0.0,0,0.0,0.0
Admiral Schofield,,,SF,3000,WAS,NYK,1,118,,,101,111,1%,1,4,3,2,11,11,7.3,6.6,-2.1,15.3,0.0,0.0,0.0,0.7,0.0,0.0
Carsen Edwards,,,PG,3000,BOS,@IND,1,109,,,101,105,-1%,5,2,3,10,6,9,3.8,6.3,-0.4,13.0,0.0,0.0,0.0,0,0.0,0.0
Tacko Fall,,O,C,3000,BOS,@IND,1,109,,,101,105,1%,1,2,2,2,4,4,6.0,6.2,2.6,9.9,0.0,0.0,0.0,0,0.0,0.0
Mfiondu Kabengele,,O,C,3000,LAC,@GSW,1,118,,,103,111,2%,5,3,3,10,6,5,7.4,5.9,1.0,10.7,0.0,0.0,0.0,0,0.0,0.0
Chimezie Metu,,O,PF/C,3000,SAS,DAL,1,114,,,101,108,0%,4,3,2,6,6,5,6.3,5.9,0.0,11.9,0.0,0.0,0.0,0,0.0,0.0
Tyson Chandler,,,C,3000,HOU,MIN,1,132,,,106,110,4%,0,0,1,5,8,8,3.8,5.8,-0.1,11.6,0.0,0.0,0.0,0,0.0,0.0
Adam Mokoka,,O,PG/SG,3000,CHI,CLE,1,111,,,101,114,7%,4,3,3,18,18,10,7.4,5.5,0.2,10.8,0.0,0.0,0.0,0,0.0,0.0
Vincent Poirier,,,C,3000,BOS,@IND,1,109,,,101,105,1%,2,1,2,3,5,6,4.8,5.3,0.8,9.7,0.0,0.0,0.0,0,0.0,0.0
Chasson Randle,,,SG,3000,GSW,LAC,2,106,,,104,105,0%,1,1,1,13,13,13,5.3,5.3,1.7,8.8,13.5,9.5,3.2,14.7,8.5,2.8
Terance Mann,,O,PG/SG,3000,LAC,@GSW,1,118,,,103,111,5%,1,1,2,0,6,8,4.3,5.0,-1.8,11.8,0.0,0.0,0.0,0,0.0,0.0
Dean Wade,,O,PF,3000,CLE,@CHI,1,107,,,102,108,7%,2,1,1,9,5,6,2.5,4.9,-1.4,11.2,0.0,0.0,0.0,0,0.0,0.0
Amir Coffey,,,PG/SF,3000,LAC,@GSW,1,118,,,103,111,2%,2,2,2,3,4,7,3.0,4.8,-0.6,10.2,0.0,0.0,0.0,8.6,4.8,1.6
Jared Dudley,,,SF/PF,3000,LAL,BKN,1,119,,,104,106,-10%,1,1,1,2,4,8,1.9,4.4,-1.0,9.7,0.0,0.0,0.0,0,0.0,0.0
Johnathan Motley,,O,C,3000,LAC,@GSW,1,118,,,103,111,2%,0,2,1,0,5,3,5.7,4.2,0.1,8.4,0.0,0.0,0.0,0,0.0,0.0
Yuta Watanabe,,,SF/PF,3000,MEM,ORL,2,110,,,101,107,0%,1,2,2,3,6,6,5.4,4.2,-0.3,8.7,0.0,0.0,0.0,0,0.0,0.0
Jeremiah Martin,,,PG,3000,BKN,@LAL,1,107,,,103,103,0%,2,2,2,7,5,5,3.8,3.8,1.6,6.1,0.0,0.0,0.0,0,0.0,0.0
Moses Brown,,O,C,3000,POR,PHO,2,120,,,104,109,1%,1,1,1,5,4,4,2.4,3.6,-0.3,7.5,0.0,0.0,0.0,0,0.0,0.0
Ignas Brazdeikis,,O,PF,3000,NYK,@WAS,1,113,,,105,113,0%,1,3,2,3,8,6,4.3,3.4,0.0,6.8,0.0,0.0,0.0,0,0.0,0.0
Tariq Owens,,,PF/C,3000,PHO,@POR,1,115,,,103,111,5%,1,2,2,4,5,5,3.3,3.3,2.0,4.5,0.0,0.0,0.0,0,0.0,0.0
Alize Johnson,,O,PF,3000,IND,BOS,1,106,,,102,104,-2%,1,1,1,4,3,4,2.5,3.3,0.0,6.7,0.0,0.0,0.0,0,0.0,0.0
B.J. Johnson,,O,SG,3000,ORL,@MEM,1,109,,,105,108,-2%,1,1,2,2,3,6,1.4,3.3,-2.6,9.2,0.0,0.0,0.0,0,0.0,0.0
Jalen Lecque,,,PG/SG,3000,PHO,@POR,1,115,,,103,111,5%,3,3,3,7,7,7,3.1,3.1,0.8,5.4,0.0,0.0,0.0,0,0.0,0.0
Max Strus,,O,SG,3000,CHI,CLE,1,111,,,101,114,6%,2,2,2,3,3,3,3.1,3.1,-1.3,7.5,0.0,0.0,0.0,0,0.0,0.0
Brian Bowen II,,O,SG/SF,3000,IND,BOS,1,106,,,102,104,-2%,3,2,2,10,6,6,2.9,2.9,1.3,4.4,0.0,0.0,0.0,0,0.0,0.0
Michael Frazier,,O,PG/SG,3000,HOU,MIN,1,132,,,106,110,4%,1,1,1,4,10,8,2.5,2.9,0.2,5.6,0.0,0.0,0.0,0,0.0,0.0
Matt Mooney,,,PG/SG,3000,CLE,@CHI,1,107,,,102,108,-12%,0,1,1,1,2,2,2.9,2.9,-0.6,6.4,0.0,0.0,0.0,12.9,4.5,1.5
Jarred Vanderbilt,,O,SF/PF,3000,MIN,@HOU,1,119,,,106,108,7%,1,1,1,3,4,4,4.0,2.8,-0.5,6.0,0.0,0.0,0.0,0,0.0,0.0
Talen Horton-Tucker,,O,SG,3000,LAL,BKN,1,119,,,104,106,3%,1,1,1,3,3,3,2.5,2.5,1.1,3.9,0.0,0.0,0.0,0,0.0,0.0
Melvin Frazier Jr.,,O,SG/SF,3000,ORL,@MEM,1,109,,,105,108,3%,0,1,1,2,3,3,2.5,2.5,-0.5,5.5,0.0,0.0,0.0,0,0.0,0.0
Antonius Cleveland,,,SG,3000,DAL,@SAS,1,118,,,102,111,0%,1,1,1,3,4,4,1.8,2.0,0.0,4.1,0.0,0.0,0.0,0,0.0,0.0
William Howard,,O,SF,3000,HOU,MIN,1,132,,,106,110,0%,2,2,2,7,7,7,1.8,1.8,-0.7,4.2,0.0,0.0,0.0,0,0.0,0.0
Quinndary Weatherspoon,,,SG,3000,SAS,DAL,1,114,,,101,108,-3%,2,2,2,8,8,8,1.4,1.4,-0.6,3.3,0.0,0.0,0.0,0,0.0,0.0
Kostas Antetokounmpo,,O,SF/PF,3000,LAL,BKN,1,119,,,104,106,-3%,0,0,0,2,2,2,0.9,0.9,0.1,1.7,0.0,0.0,0.0,0,0.0,0.0
Jared Harper,,,PG,3000,PHO,@POR,1,115,,,103,111,5%,2,1,1,3,3,3,0.7,0.7,-0.5,1.8,0.0,0.0,0.0,0,0.0,0.0
Vic Law,,,PF,3000,ORL,@MEM,1,109,,,105,108,-2%,1,1,1,2,2,2,0.3,0.3,-0.3,0.8,0.0,0.0,0.0,0,0.0,0.0
Kenny Wooten,,O,C,3000,NYK,@WAS,1,113,,,105,113,0%,0,0,0,0,0,0,0.0,0.0,0.0,0.0,0.0,0.0,0.0,0,0.0,0.0
Klay Thompson,,O,SG/SF,3000,GSW,LAC,2,106,,,104,105,-1%,0,0,0,0,0,0,0.0,0.0,0.0,0.0,0.0,0.0,0.0,0,0.0,0.0
Joakim Noah,,O,C,3000,LAC,@GSW,1,118,,,103,111,2%,0,0,0,0,0,0,0.0,0.0,0.0,0.0,0.0,0.0,0.0,0,0.0,0.0
Sir'Dominic Pointer,,,SG/SF,3000,CLE,@CHI,1,107,,,102,108,1%,0,0,0,0,0,0,0.0,0.0,0.0,0.0,0.0,0.0,0.0,0,0.0,0.0
Sheldon Mac,,,SG,3000,CLE,@CHI,1,107,,,102,108,0%,0,0,0,0,0,0,0.0,0.0,0.0,0.0,0.0,0.0,0.0,0,0.0,0.0
Dylan Windler,,O,SG/SF,3000,CLE,@CHI,1,107,,,102,108,-12%,0,0,0,0,0,0,0.0,0.0,0.0,0.0,0.0,0.0,0.0,0,0.0,0.0
Josh Reaves,,,SG,3000,DAL,@SAS,1,118,,,102,111,3%,1,1,1,1,1,1,0.0,0.0,0.0,0.0,0.0,0.0,0.0,0,0.0,0.0
Devontae Cacok,,O,PF,3000,LAL,BKN,1,119,,,104,106,-3%,0,0,0,0,0,0,0.0,0.0,0.0,0.0,0.0,0.0,0.0,0,0.0,0.0
Kevin Durant,,O,PF,3000,BKN,@LAL,1,107,,,103,103,-6%,0,0,0,0,0,0,0.0,0.0,0.0,0.0,0.0,0.0,0.0,0,0.0,0.0
Jontay Porter,,O,C,3000,MEM,ORL,2,110,,,101,107,-5%,0,0,0,0,0,0,0.0,0.0,0.0,0.0,0.0,0.0,0.0,0,0.0,0.0
